Disease,Symptom_1,Symptom_2,Symptom_3,Symptom_4,Symptom_5,Symptom_6,Symptom_7,Symptom_8,Symptom_9,Symptom_10,Symptom_11,Symptom_12,Symptom_13,Symptom_14,Symptom_15,Symptom_16,Symptom_17
hepatitis e,joint_pain,vomiting,fatigue,high_fever,yellowish_skin,dark_urine,loss_of_appetite,abdominal_pain,yellowing_of_eyes,acute_liver_failure,coma,stomach_bleeding,,,,,
hepatitis b,itching,fatigue,lethargy,yellowish_skin,dark_urine,loss_of_appetite,abdominal_pain,yellowing_of_eyes,malaise,receiving_blood_transfusion,receiving_unsterile_injections,,,,,,
chicken pox,itching,skin_rash,lethargy,high_fever,headache,loss_of_appetite,mild_fever,swelled_lymph_nodes,malaise,red_spots_over_body,,,,,,,
hyperthyroidism,fatigue,mood_swings,weight_loss,sweating,diarrhoea,fast_heart_rate,excessive_hunger,muscle_weakness,irritability,abnormal_menstruation,,,,,,,
bronchial asthma,fatigue,cough,breathlessness,family_history,mucoid_sputum,,,,,,,,,,,,
allergy,continuous_sneezing,shivering,chills,,,,,,,,,,,,,,
dengue,skin_rash,chills,joint_pain,vomiting,fatigue,high_fever,headache,nausea,loss_of_appetite,pain_behind_the_eyes,back_pain,malaise,red_spots_over_body,,,,
hepatitis c,yellowish_skin,nausea,loss_of_appetite,yellowing_of_eyes,family_history,,,,,,,,,,,,
hepatitis d,joint_pain,vomiting,fatigue,yellowish_skin,nausea,loss_of_appetite,abdominal_pain,yellowing_of_eyes,,,,,,,,,
peptic ulcer diseae,indigestion,loss_of_appetite,abdominal_pain,passage_of_gases,internal_itching,,,,,,,,,,,,
allergy,continuous_sneezing,shivering,chills,watering_from_eyes,,,,,,,,,,,,,
malaria,chills,vomiting,high_fever,sweating,headache,nausea,diarrhoea,muscle_pain,,,,,,,,,
diabetes,fatigue,restlessness,lethargy,irregular_sugar_level,blurred_and_distorted_vision,obesity,excessive_hunger,increased_appetite,polyuria,,,,,,,,
hepatitis e,joint_pain,vomiting,high_fever,yellowish_skin,dark_urine,nausea,loss_of_appetite,abdominal_pain,yellowing_of_eyes,acute_liver_failure,coma,stomach_bleeding,,,,,
dengue,skin_rash,chills,joint_pain,vomiting,fatigue,high_fever,headache,nausea,loss_of_appetite,pain_behind_the_eyes,back_pain,muscle_pain,red_spots_over_body,,,,
diabetes,fatigue,weight_loss,lethargy,irregular_sugar_level,blurred_and_distorted_vision,obesity,excessive_hunger,increased_appetite,polyuria,,,,,,,,
dengue,skin_rash,chills,joint_pain,fatigue,high_fever,headache,nausea,loss_of_appetite,pain_behind_the_eyes,back_pain,malaise,muscle_pain,red_spots_over_body,,,,
tuberculosis,chills,vomiting,fatigue,cough,high_fever,breathlessness,sweating,loss_of_appetite,mild_fever,yellowing_of_eyes,swelled_lymph_nodes,malaise,phlegm,chest_pain,blood_in_sputum,,
hypothyroidism,fatigue,weight_gain,cold_hands_and_feets,mood_swings,dizziness,puffy_face_and_eyes,enlarged_thyroid,brittle_nails,swollen_extremeties,depression,irritability,abnormal_menstruation,,,,,
hepatitis a,joint_pain,vomiting,yellowish_skin,dark_urine,nausea,abdominal_pain,diarrhoea,mild_fever,yellowing_of_eyes,muscle_pain,,,,,,,
varicose veins,fatigue,bruising,obesity,swollen_legs,swollen_blood_vessels,prominent_veins_on_calf,,,,,,,,,,,
(vertigo) paroymsal  positional vertigo,vomiting,headache,nausea,loss_of_balance,unsteadiness,,,,,,,,,,,,
hyperthyroidism,mood_swings,weight_loss,restlessness,sweating,diarrhoea,fast_heart_rate,excessive_hunger,muscle_weakness,irritability,abnormal_menstruation,,,,,,,
drug reaction,itching,skin_rash,stomach_pain,burning_micturition,spotting_ urination,,,,,,,,,,,,
hepatitis b,fatigue,lethargy,yellowish_skin,dark_urine,loss_of_appetite,abdominal_pain,yellow_urine,yellowing_of_eyes,malaise,receiving_blood_transfusion,receiving_unsterile_injections,,,,,,
dimorphic hemmorhoids(piles),constipation,pain_during_bowel_movements,pain_in_anal_region,bloody_stool,,,,,,,,,,,,,
hypoglycemia,vomiting,anxiety,sweating,headache,nausea,blurred_and_distorted_vision,excessive_hunger,drying_and_tingling_lips,slurred_speech,irritability,palpitations,,,,,,
migraine,acidity,indigestion,blurred_and_distorted_vision,excessive_hunger,stiff_neck,depression,irritability,visual_disturbances,,,,,,,,,
varicose veins,fatigue,cramps,bruising,obesity,swollen_blood_vessels,prominent_veins_on_calf,,,,,,,,,,,
chicken pox,skin_rash,fatigue,lethargy,high_fever,headache,loss_of_appetite,mild_fever,swelled_lymph_nodes,malaise,red_spots_over_body,,,,,,,
hepatitis a,joint_pain,vomiting,dark_urine,nausea,loss_of_appetite,abdominal_pain,diarrhoea,mild_fever,yellowing_of_eyes,muscle_pain,,,,,,,
acne,skin_rash,pus_filled_pimples,blackheads,,,,,,,,,,,,,,
pneumonia,fatigue,cough,high_fever,breathlessness,sweating,malaise,phlegm,chest_pain,fast_heart_rate,rusty_sputum,,,,,,,
aids,muscle_wasting,patches_in_throat,high_fever,,,,,,,,,,,,,,
chronic cholestasis,itching,vomiting,yellowish_skin,nausea,loss_of_appetite,abdominal_pain,yellowing_of_eyes,,,,,,,,,,
(vertigo) paroymsal  positional vertigo,vomiting,headache,nausea,spinning_movements,loss_of_balance,,,,,,,,,,,,
migraine,acidity,indigestion,headache,blurred_and_distorted_vision,excessive_hunger,depression,irritability,visual_disturbances,,,,,,,,,
paralysis (brain hemorrhage),vomiting,headache,weakness_of_one_body_side,,,,,,,,,,,,,,
chronic cholestasis,itching,vomiting,yellowish_skin,nausea,loss_of_appetite,abdominal_pain,,,,,,,,,,,
bronchial asthma,fatigue,cough,high_fever,breathlessness,family_history,mucoid_sputum,,,,,,,,,,,
jaundice,vomiting,fatigue,weight_loss,high_fever,yellowish_skin,dark_urine,abdominal_pain,,,,,,,,,,
migraine,acidity,indigestion,headache,blurred_and_distorted_vision,excessive_hunger,stiff_neck,irritability,visual_disturbances,,,,,,,,,
pneumonia,chills,fatigue,cough,high_fever,sweating,malaise,phlegm,chest_pain,fast_heart_rate,rusty_sputum,,,,,,,
chicken pox,itching,skin_rash,fatigue,lethargy,high_fever,headache,loss_of_appetite,swelled_lymph_nodes,malaise,red_spots_over_body,,,,,,,
allergy,continuous_sneezing,chills,watering_from_eyes,,,,,,,,,,,,,,
urinary tract infection,burning_micturition,foul_smell_of urine,continuous_feel_of_urine,,,,,,,,,,,,,,
acne,pus_filled_pimples,blackheads,scurring,,,,,,,,,,,,,,
migraine,acidity,indigestion,headache,blurred_and_distorted_vision,excessive_hunger,stiff_neck,depression,visual_disturbances,,,,,,,,,
psoriasis,skin_rash,skin_peeling,silver_like_dusting,small_dents_in_nails,inflammatory_nails,,,,,,,,,,,,
varicose veins,fatigue,cramps,bruising,obesity,swollen_legs,prominent_veins_on_calf,,,,,,,,,,,
hypoglycemia,vomiting,fatigue,anxiety,sweating,headache,nausea,blurred_and_distorted_vision,excessive_hunger,drying_and_tingling_lips,slurred_speech,irritability,palpitations,,,,,
hypoglycemia,vomiting,fatigue,sweating,headache,nausea,blurred_and_distorted_vision,excessive_hunger,drying_and_tingling_lips,slurred_speech,irritability,palpitations,,,,,,
bronchial asthma,fatigue,cough,high_fever,breathlessness,family_history,,,,,,,,,,,,
cervical spondylosis,back_pain,neck_pain,dizziness,loss_of_balance,,,,,,,,,,,,,
acne,skin_rash,pus_filled_pimples,scurring,,,,,,,,,,,,,,
hypothyroidism,fatigue,weight_gain,cold_hands_and_feets,lethargy,dizziness,puffy_face_and_eyes,enlarged_thyroid,brittle_nails,swollen_extremeties,depression,irritability,abnormal_menstruation,,,,,
dimorphic hemmorhoids(piles),constipation,pain_in_anal_region,bloody_stool,irritation_in_anus,,,,,,,,,,,,,
malaria,chills,vomiting,sweating,headache,nausea,diarrhoea,muscle_pain,,,,,,,,,,
impetigo,skin_rash,high_fever,red_sore_around_nose,yellow_crust_ooze,,,,,,,,,,,,,
tuberculosis,chills,vomiting,fatigue,weight_loss,high_fever,breathlessness,sweating,loss_of_appetite,mild_fever,yellowing_of_eyes,swelled_lymph_nodes,malaise,phlegm,chest_pain,blood_in_sputum,,
alcoholic hepatitis,vomiting,yellowish_skin,abdominal_pain,distention_of_abdomen,history_of_alcohol_consumption,fluid_overload,,,,,,,,,,,
arthritis,stiff_neck,swelling_joints,movement_stiffness,painful_walking,,,,,,,,,,,,,
pneumonia,chills,fatigue,high_fever,breathlessness,sweating,malaise,phlegm,chest_pain,fast_heart_rate,rusty_sputum,,,,,,,
tuberculosis,chills,vomiting,fatigue,weight_loss,cough,high_fever,breathlessness,loss_of_appetite,mild_fever,yellowing_of_eyes,swelled_lymph_nodes,malaise,phlegm,chest_pain,blood_in_sputum,,
migraine,acidity,indigestion,headache,blurred_and_distorted_vision,stiff_neck,depression,irritability,visual_disturbances,,,,,,,,,
hepatitis e,joint_pain,vomiting,fatigue,yellowish_skin,dark_urine,nausea,loss_of_appetite,abdominal_pain,yellowing_of_eyes,acute_liver_failure,coma,stomach_bleeding,,,,,
bronchial asthma,fatigue,high_fever,breathlessness,family_history,mucoid_sputum,,,,,,,,,,,,
jaundice,itching,fatigue,weight_loss,high_fever,yellowish_skin,dark_urine,abdominal_pain,,,,,,,,,,
allergy,shivering,chills,watering_from_eyes,,,,,,,,,,,,,,
hepatitis e,joint_pain,vomiting,fatigue,high_fever,dark_urine,nausea,loss_of_appetite,abdominal_pain,yellowing_of_eyes,acute_liver_failure,coma,stomach_bleeding,,,,,
drug reaction,skin_rash,stomach_pain,burning_micturition,spotting_ urination,,,,,,,,,,,,,
chronic cholestasis,itching,vomiting,yellowish_skin,nausea,abdominal_pain,yellowing_of_eyes,,,,,,,,,,,
hypoglycemia,vomiting,fatigue,anxiety,sweating,headache,blurred_and_distorted_vision,excessive_hunger,drying_and_tingling_lips,slurred_speech,irritability,palpitations,,,,,,
gastroenteritis,vomiting,sunken_eyes,dehydration,,,,,,,,,,,,,,
arthritis,muscle_weakness,stiff_neck,swelling_joints,movement_stiffness,,,,,,,,,,,,,
chicken pox,itching,skin_rash,fatigue,lethargy,high_fever,loss_of_appetite,mild_fever,swelled_lymph_nodes,malaise,red_spots_over_body,,,,,,,
typhoid,chills,vomiting,fatigue,high_fever,headache,nausea,constipation,abdominal_pain,toxic_look_(typhos),belly_pain,,,,,,,
hypothyroidism,weight_gain,cold_hands_and_feets,mood_swings,lethargy,dizziness,puffy_face_and_eyes,enlarged_thyroid,brittle_nails,swollen_extremeties,depression,irritability,abnormal_menstruation,,,,,
common cold,continuous_sneezing,chills,fatigue,cough,high_fever,headache,swelled_lymph_nodes,malaise,phlegm,throat_irritation,redness_of_eyes,sinus_pressure,runny_nose,congestion,chest_pain,loss_of_smell,muscle_pain
common cold,continuous_sneezing,chills,fatigue,cough,headache,swelled_lymph_nodes,malaise,phlegm,throat_irritation,redness_of_eyes,sinus_pressure,runny_nose,congestion,chest_pain,loss_of_smell,muscle_pain,
hepatitis d,joint_pain,vomiting,yellowish_skin,dark_urine,nausea,loss_of_appetite,abdominal_pain,yellowing_of_eyes,,,,,,,,,
hyperthyroidism,fatigue,mood_swings,weight_loss,restlessness,sweating,diarrhoea,excessive_hunger,muscle_weakness,irritability,abnormal_menstruation,,,,,,,
cervical spondylosis,back_pain,weakness_in_limbs,neck_pain,loss_of_balance,,,,,,,,,,,,,
hypertension,headache,dizziness,loss_of_balance,lack_of_concentration,,,,,,,,,,,,,
chicken pox,itching,skin_rash,fatigue,lethargy,headache,loss_of_appetite,mild_fever,swelled_lymph_nodes,malaise,red_spots_over_body,,,,,,,
hepatitis d,joint_pain,vomiting,fatigue,yellowish_skin,dark_urine,loss_of_appetite,abdominal_pain,yellowing_of_eyes,,,,,,,,,
hepatitis b,itching,fatigue,lethargy,yellowish_skin,dark_urine,loss_of_appetite,abdominal_pain,yellow_urine,yellowing_of_eyes,malaise,receiving_blood_transfusion,receiving_unsterile_injections,,,,,
chronic cholestasis,itching,yellowish_skin,nausea,loss_of_appetite,abdominal_pain,yellowing_of_eyes,,,,,,,,,,,
hepatitis a,joint_pain,vomiting,yellowish_skin,dark_urine,nausea,loss_of_appetite,diarrhoea,mild_fever,yellowing_of_eyes,muscle_pain,,,,,,,
migraine,acidity,indigestion,headache,blurred_and_distorted_vision,excessive_hunger,stiff_neck,depression,irritability,,,,,,,,,
hyperthyroidism,fatigue,mood_swings,weight_loss,restlessness,sweating,diarrhoea,fast_heart_rate,muscle_weakness,irritability,abnormal_menstruation,,,,,,,
dengue,skin_rash,chills,vomiting,fatigue,high_fever,headache,nausea,loss_of_appetite,pain_behind_the_eyes,back_pain,malaise,muscle_pain,red_spots_over_body,,,,
migraine,acidity,headache,blurred_and_distorted_vision,excessive_hunger,stiff_neck,depression,irritability,visual_disturbances,,,,,,,,,
gerd,stomach_pain,acidity,ulcers_on_tongue,vomiting,cough,,,,,,,,,,,,
gerd,stomach_pain,acidity,ulcers_on_tongue,vomiting,cough,chest_pain,,,,,,,,,,,
hepatitis d,joint_pain,fatigue,yellowish_skin,dark_urine,nausea,loss_of_appetite,abdominal_pain,yellowing_of_eyes,,,,,,,,,
heart attack,vomiting,sweating,chest_pain,,,,,,,,,,,,,,
jaundice,itching,vomiting,fatigue,weight_loss,high_fever,dark_urine,abdominal_pain,,,,,,,,,,
hypertension,headache,chest_pain,dizziness,lack_of_concentration,,,,,,,,,,,,,
varicose veins,fatigue,cramps,obesity,swollen_legs,swollen_blood_vessels,prominent_veins_on_calf,,,,,,,,,,,
peptic ulcer diseae,vomiting,indigestion,loss_of_appetite,abdominal_pain,passage_of_gases,internal_itching,,,,,,,,,,,
gerd,acidity,ulcers_on_tongue,vomiting,cough,chest_pain,,,,,,,,,,,,
dengue,skin_rash,chills,joint_pain,vomiting,high_fever,headache,nausea,loss_of_appetite,pain_behind_the_eyes,back_pain,malaise,muscle_pain,red_spots_over_body,,,,
hepatitis b,itching,fatigue,lethargy,yellowish_skin,dark_urine,abdominal_pain,yellow_urine,yellowing_of_eyes,malaise,receiving_blood_transfusion,receiving_unsterile_injections,,,,,,
(vertigo) paroymsal  positional vertigo,vomiting,headache,nausea,spinning_movements,loss_of_balance,unsteadiness,,,,,,,,,,,
hypertension,headache,chest_pain,loss_of_balance,lack_of_concentration,,,,,,,,,,,,,
chicken pox,itching,skin_rash,fatigue,lethargy,high_fever,headache,loss_of_appetite,mild_fever,swelled_lymph_nodes,malaise,red_spots_over_body,,,,,,
hypertension,headache,chest_pain,dizziness,loss_of_balance,,,,,,,,,,,,,
peptic ulcer diseae,vomiting,loss_of_appetite,abdominal_pain,passage_of_gases,internal_itching,,,,,,,,,,,,
hepatitis e,joint_pain,vomiting,fatigue,high_fever,yellowish_skin,nausea,loss_of_appetite,abdominal_pain,yellowing_of_eyes,acute_liver_failure,coma,stomach_bleeding,,,,,
hepatitis c,fatigue,yellowish_skin,nausea,loss_of_appetite,family_history,,,,,,,,,,,,
varicose veins,fatigue,cramps,bruising,swollen_legs,swollen_blood_vessels,prominent_veins_on_calf,,,,,,,,,,,
psoriasis,skin_rash,joint_pain,skin_peeling,silver_like_dusting,inflammatory_nails,,,,,,,,,,,,
chronic cholestasis,vomiting,yellowish_skin,nausea,loss_of_appetite,abdominal_pain,yellowing_of_eyes,,,,,,,,,,,
alcoholic hepatitis,vomiting,yellowish_skin,abdominal_pain,swelling_of_stomach,history_of_alcohol_consumption,fluid_overload,,,,,,,,,,,
jaundice,itching,vomiting,fatigue,weight_loss,yellowish_skin,dark_urine,abdominal_pain,,,,,,,,,,
hepatitis a,joint_pain,vomiting,yellowish_skin,dark_urine,nausea,loss_of_appetite,abdominal_pain,diarrhoea,mild_fever,yellowing_of_eyes,muscle_pain,,,,,,
urinary tract infection,burning_micturition,bladder_discomfort,foul_smell_of urine,,,,,,,,,,,,,,
paralysis (brain hemorrhage),vomiting,headache,weakness_of_one_body_side,altered_sensorium,,,,,,,,,,,,,
hypoglycemia,fatigue,anxiety,sweating,headache,nausea,blurred_and_distorted_vision,excessive_hunger,drying_and_tingling_lips,slurred_speech,irritability,palpitations,,,,,,
tuberculosis,chills,vomiting,weight_loss,cough,high_fever,breathlessness,sweating,loss_of_appetite,mild_fever,yellowing_of_eyes,swelled_lymph_nodes,malaise,phlegm,chest_pain,blood_in_sputum,,
varicose veins,fatigue,cramps,bruising,obesity,swollen_legs,swollen_blood_vessels,,,,,,,,,,,
hypoglycemia,vomiting,fatigue,anxiety,sweating,nausea,blurred_and_distorted_vision,excessive_hunger,drying_and_tingling_lips,slurred_speech,irritability,palpitations,,,,,,
psoriasis,joint_pain,skin_peeling,silver_like_dusting,small_dents_in_nails,inflammatory_nails,,,,,,,,,,,,
hepatitis a,joint_pain,yellowish_skin,dark_urine,nausea,loss_of_appetite,abdominal_pain,diarrhoea,mild_fever,yellowing_of_eyes,muscle_pain,,,,,,,
acne,skin_rash,blackheads,scurring,,,,,,,,,,,,,,
gastroenteritis,vomiting,sunken_eyes,diarrhoea,,,,,,,,,,,,,,
hepatitis e,joint_pain,vomiting,fatigue,high_fever,yellowish_skin,dark_urine,nausea,loss_of_appetite,abdominal_pain,yellowing_of_eyes,coma,stomach_bleeding,,,,,
hypothyroidism,fatigue,cold_hands_and_feets,mood_swings,lethargy,dizziness,puffy_face_and_eyes,enlarged_thyroid,brittle_nails,swollen_extremeties,depression,irritability,abnormal_menstruation,,,,,
hepatitis d,joint_pain,vomiting,fatigue,yellowish_skin,dark_urine,nausea,loss_of_appetite,yellowing_of_eyes,,,,,,,,,
hyperthyroidism,fatigue,weight_loss,restlessness,sweating,diarrhoea,fast_heart_rate,excessive_hunger,muscle_weakness,irritability,abnormal_menstruation,,,,,,,
typhoid,chills,vomiting,fatigue,high_fever,headache,constipation,abdominal_pain,diarrhoea,toxic_look_(typhos),belly_pain,,,,,,,
aids,muscle_wasting,patches_in_throat,high_fever,extra_marital_contacts,,,,,,,,,,,,,
common cold,continuous_sneezing,chills,fatigue,high_fever,headache,swelled_lymph_nodes,malaise,phlegm,throat_irritation,redness_of_eyes,sinus_pressure,runny_nose,congestion,chest_pain,loss_of_smell,muscle_pain,
impetigo,high_fever,blister,red_sore_around_nose,yellow_crust_ooze,,,,,,,,,,,,,
alcoholic hepatitis,vomiting,yellowish_skin,swelling_of_stomach,distention_of_abdomen,history_of_alcohol_consumption,fluid_overload,,,,,,,,,,,
chicken pox,itching,skin_rash,fatigue,high_fever,headache,loss_of_appetite,mild_fever,swelled_lymph_nodes,malaise,red_spots_over_body,,,,,,,
hepatitis e,joint_pain,vomiting,fatigue,high_fever,yellowish_skin,dark_urine,nausea,loss_of_appetite,abdominal_pain,yellowing_of_eyes,acute_liver_failure,coma,stomach_bleeding,,,,
chicken pox,itching,skin_rash,fatigue,lethargy,high_fever,headache,loss_of_appetite,mild_fever,malaise,red_spots_over_body,,,,,,,
acne,skin_rash,pus_filled_pimples,blackheads,scurring,,,,,,,,,,,,,
(vertigo) paroymsal  positional vertigo,headache,nausea,spinning_movements,loss_of_balance,unsteadiness,,,,,,,,,,,,
urinary tract infection,burning_micturition,bladder_discomfort,foul_smell_of urine,continuous_feel_of_urine,,,,,,,,,,,,,
alcoholic hepatitis,vomiting,yellowish_skin,abdominal_pain,swelling_of_stomach,distention_of_abdomen,history_of_alcohol_consumption,fluid_overload,,,,,,,,,,
alcoholic hepatitis,vomiting,abdominal_pain,swelling_of_stomach,distention_of_abdomen,history_of_alcohol_consumption,fluid_overload,,,,,,,,,,,
fungal infection,itching,nodal_skin_eruptions,dischromic _patches,,,,,,,,,,,,,,
chicken pox,itching,skin_rash,fatigue,lethargy,high_fever,headache,mild_fever,swelled_lymph_nodes,malaise,red_spots_over_body,,,,,,,
hepatitis b,itching,lethargy,yellowish_skin,dark_urine,loss_of_appetite,abdominal_pain,yellow_urine,yellowing_of_eyes,malaise,receiving_blood_transfusion,receiving_unsterile_injections,,,,,,
alcoholic hepatitis,yellowish_skin,abdominal_pain,swelling_of_stomach,distention_of_abdomen,history_of_alcohol_consumption,fluid_overload,,,,,,,,,,,
dengue,skin_rash,chills,joint_pain,vomiting,fatigue,high_fever,headache,nausea,loss_of_appetite,pain_behind_the_eyes,back_pain,malaise,muscle_pain,,,,
varicose veins,cramps,bruising,obesity,swollen_legs,swollen_blood_vessels,prominent_veins_on_calf,,,,,,,,,,,
osteoarthristis,joint_pain,knee_pain,hip_joint_pain,swelling_joints,painful_walking,,,,,,,,,,,,
dengue,skin_rash,chills,joint_pain,vomiting,fatigue,headache,nausea,loss_of_appetite,pain_behind_the_eyes,back_pain,malaise,muscle_pain,red_spots_over_body,,,,
migraine,acidity,indigestion,headache,excessive_hunger,stiff_neck,depression,irritability,visual_disturbances,,,,,,,,,
drug reaction,itching,skin_rash,stomach_pain,burning_micturition,,,,,,,,,,,,,
cervical spondylosis,back_pain,weakness_in_limbs,dizziness,loss_of_balance,,,,,,,,,,,,,
hyperthyroidism,fatigue,mood_swings,weight_loss,restlessness,sweating,fast_heart_rate,excessive_hunger,muscle_weakness,irritability,abnormal_menstruation,,,,,,,
malaria,chills,vomiting,high_fever,sweating,headache,diarrhoea,muscle_pain,,,,,,,,,,
hepatitis c,fatigue,nausea,loss_of_appetite,yellowing_of_eyes,family_history,,,,,,,,,,,,
hepatitis d,vomiting,fatigue,yellowish_skin,dark_urine,nausea,loss_of_appetite,abdominal_pain,yellowing_of_eyes,,,,,,,,,
typhoid,chills,vomiting,fatigue,high_fever,headache,nausea,constipation,abdominal_pain,diarrhoea,belly_pain,,,,,,,
tuberculosis,chills,vomiting,fatigue,weight_loss,cough,breathlessness,sweating,loss_of_appetite,mild_fever,yellowing_of_eyes,swelled_lymph_nodes,malaise,phlegm,chest_pain,blood_in_sputum,,
heart attack,vomiting,breathlessness,sweating,chest_pain,,,,,,,,,,,,,
hypertension,chest_pain,dizziness,loss_of_balance,lack_of_concentration,,,,,,,,,,,,,
common cold,continuous_sneezing,chills,fatigue,cough,high_fever,swelled_lymph_nodes,malaise,phlegm,throat_irritation,redness_of_eyes,sinus_pressure,runny_nose,congestion,chest_pain,loss_of_smell,muscle_pain,
cervical spondylosis,back_pain,weakness_in_limbs,neck_pain,dizziness,,,,,,,,,,,,,
dimorphic hemmorhoids(piles),constipation,pain_during_bowel_movements,bloody_stool,irritation_in_anus,,,,,,,,,,,,,
hepatitis c,fatigue,yellowish_skin,loss_of_appetite,yellowing_of_eyes,family_history,,,,,,,,,,,,
gerd,stomach_pain,acidity,vomiting,cough,chest_pain,,,,,,,,,,,,
peptic ulcer diseae,vomiting,indigestion,loss_of_appetite,abdominal_pain,internal_itching,,,,,,,,,,,,
drug reaction,itching,skin_rash,stomach_pain,spotting_ urination,,,,,,,,,,,,,
hepatitis a,joint_pain,vomiting,yellowish_skin,dark_urine,loss_of_appetite,abdominal_pain,diarrhoea,mild_fever,yellowing_of_eyes,muscle_pain,,,,,,,
tuberculosis,chills,vomiting,fatigue,weight_loss,cough,high_fever,sweating,loss_of_appetite,mild_fever,yellowing_of_eyes,swelled_lymph_nodes,malaise,phlegm,chest_pain,blood_in_sputum,,
typhoid,chills,vomiting,fatigue,high_fever,headache,nausea,constipation,diarrhoea,toxic_look_(typhos),belly_pain,,,,,,,
hepatitis e,joint_pain,fatigue,high_fever,yellowish_skin,dark_urine,nausea,loss_of_appetite,abdominal_pain,yellowing_of_eyes,acute_liver_failure,coma,stomach_bleeding,,,,,
diabetes,fatigue,weight_loss,restlessness,lethargy,irregular_sugar_level,blurred_and_distorted_vision,obesity,increased_appetite,polyuria,,,,,,,,
jaundice,itching,vomiting,fatigue,high_fever,yellowish_skin,dark_urine,abdominal_pain,,,,,,,,,,
hypothyroidism,fatigue,weight_gain,mood_swings,lethargy,dizziness,puffy_face_and_eyes,enlarged_thyroid,brittle_nails,swollen_extremeties,depression,irritability,abnormal_menstruation,,,,,
heart attack,vomiting,breathlessness,sweating,,,,,,,,,,,,,,
aids,muscle_wasting,patches_in_throat,extra_marital_contacts,,,,,,,,,,,,,,
paralysis (brain hemorrhage),vomiting,headache,altered_sensorium,,,,,,,,,,,,,,
heart attack,breathlessness,sweating,chest_pain,,,,,,,,,,,,,,
typhoid,chills,fatigue,high_fever,headache,nausea,constipation,abdominal_pain,diarrhoea,toxic_look_(typhos),belly_pain,,,,,,,
drug reaction,itching,stomach_pain,burning_micturition,spotting_ urination,,,,,,,,,,,,,
psoriasis,skin_rash,joint_pain,skin_peeling,silver_like_dusting,small_dents_in_nails,,,,,,,,,,,,
hepatitis a,joint_pain,vomiting,yellowish_skin,nausea,loss_of_appetite,abdominal_pain,diarrhoea,mild_fever,yellowing_of_eyes,muscle_pain,,,,,,,
common cold,continuous_sneezing,chills,fatigue,cough,high_fever,headache,swelled_lymph_nodes,phlegm,throat_irritation,redness_of_eyes,sinus_pressure,runny_nose,congestion,chest_pain,loss_of_smell,muscle_pain,
fungal infection,itching,skin_rash,nodal_skin_eruptions,dischromic _patches,,,,,,,,,,,,,
arthritis,muscle_weakness,stiff_neck,swelling_joints,painful_walking,,,,,,,,,,,,,
urinary tract infection,bladder_discomfort,foul_smell_of urine,continuous_feel_of_urine,,,,,,,,,,,,,,
malaria,chills,vomiting,high_fever,sweating,headache,nausea,muscle_pain,,,,,,,,,,
osteoarthristis,neck_pain,knee_pain,hip_joint_pain,swelling_joints,painful_walking,,,,,,,,,,,,
malaria,chills,high_fever,sweating,headache,nausea,diarrhoea,muscle_pain,,,,,,,,,,
hepatitis d,joint_pain,vomiting,fatigue,yellowish_skin,dark_urine,nausea,loss_of_appetite,abdominal_pain,,,,,,,,,
jaundice,itching,vomiting,fatigue,weight_loss,high_fever,yellowish_skin,abdominal_pain,,,,,,,,,,
peptic ulcer diseae,vomiting,indigestion,loss_of_appetite,abdominal_pain,passage_of_gases,,,,,,,,,,,,
bronchial asthma,fatigue,cough,high_fever,family_history,mucoid_sputum,,,,,,,,,,,,
hepatitis b,itching,fatigue,lethargy,dark_urine,loss_of_appetite,abdominal_pain,yellow_urine,yellowing_of_eyes,malaise,receiving_blood_transfusion,receiving_unsterile_injections,,,,,,
hypothyroidism,fatigue,weight_gain,cold_hands_and_feets,mood_swings,lethargy,dizziness,enlarged_thyroid,brittle_nails,swollen_extremeties,depression,irritability,abnormal_menstruation,,,,,
pneumonia,chills,fatigue,cough,high_fever,breathlessness,sweating,malaise,phlegm,chest_pain,fast_heart_rate,rusty_sputum,,,,,,
hyperthyroidism,fatigue,mood_swings,weight_loss,restlessness,diarrhoea,fast_heart_rate,excessive_hunger,muscle_weakness,irritability,abnormal_menstruation,,,,,,,
gerd,stomach_pain,ulcers_on_tongue,vomiting,cough,chest_pain,,,,,,,,,,,,
impetigo,skin_rash,blister,red_sore_around_nose,yellow_crust_ooze,,,,,,,,,,,,,
common cold,continuous_sneezing,fatigue,cough,high_fever,headache,swelled_lymph_nodes,malaise,phlegm,throat_irritation,redness_of_eyes,sinus_pressure,runny_nose,congestion,chest_pain,loss_of_smell,muscle_pain,
arthritis,muscle_weakness,stiff_neck,movement_stiffness,painful_walking,,,,,,,,,,,,,
drug reaction,itching,skin_rash,burning_micturition,spotting_ urination,,,,,,,,,,,,,
heart attack,vomiting,breathlessness,chest_pain,,,,,,,,,,,,,,
fungal infection,itching,skin_rash,nodal_skin_eruptions,,,,,,,,,,,,,,
dengue,chills,joint_pain,vomiting,fatigue,high_fever,headache,nausea,loss_of_appetite,pain_behind_the_eyes,back_pain,malaise,muscle_pain,red_spots_over_body,,,,
peptic ulcer diseae,vomiting,indigestion,abdominal_pain,passage_of_gases,internal_itching,,,,,,,,,,,,
pneumonia,chills,cough,high_fever,breathlessness,sweating,malaise,phlegm,chest_pain,fast_heart_rate,rusty_sputum,,,,,,,
hepatitis d,joint_pain,vomiting,fatigue,yellowish_skin,dark_urine,nausea,loss_of_appetite,abdominal_pain,yellowing_of_eyes,,,,,,,,
pneumonia,chills,fatigue,cough,high_fever,breathlessness,sweating,phlegm,chest_pain,fast_heart_rate,rusty_sputum,,,,,,,
hypoglycemia,vomiting,fatigue,anxiety,sweating,headache,nausea,excessive_hunger,drying_and_tingling_lips,slurred_speech,irritability,palpitations,,,,,,
hepatitis a,vomiting,yellowish_skin,dark_urine,nausea,loss_of_appetite,abdominal_pain,diarrhoea,mild_fever,yellowing_of_eyes,muscle_pain,,,,,,,
bronchial asthma,fatigue,cough,high_fever,breathlessness,mucoid_sputum,,,,,,,,,,,,
typhoid,chills,vomiting,fatigue,high_fever,headache,nausea,constipation,abdominal_pain,diarrhoea,toxic_look_(typhos),belly_pain,,,,,,
typhoid,chills,vomiting,fatigue,high_fever,nausea,constipation,abdominal_pain,diarrhoea,toxic_look_(typhos),belly_pain,,,,,,,
psoriasis,skin_rash,joint_pain,silver_like_dusting,small_dents_in_nails,inflammatory_nails,,,,,,,,,,,,
allergy,continuous_sneezing,shivering,watering_from_eyes,,,,,,,,,,,,,,
migraine,acidity,indigestion,headache,blurred_and_distorted_vision,excessive_hunger,stiff_neck,depression,irritability,visual_disturbances,,,,,,,,
arthritis,muscle_weakness,stiff_neck,swelling_joints,movement_stiffness,painful_walking,,,,,,,,,,,,
hypertension,headache,chest_pain,dizziness,loss_of_balance,lack_of_concentration,,,,,,,,,,,,
diabetes,weight_loss,restlessness,lethargy,irregular_sugar_level,blurred_and_distorted_vision,obesity,excessive_hunger,increased_appetite,polyuria,,,,,,,,
osteoarthristis,joint_pain,neck_pain,knee_pain,hip_joint_pain,painful_walking,,,,,,,,,,,,
hepatitis c,fatigue,yellowish_skin,nausea,loss_of_appetite,yellowing_of_eyes,family_history,,,,,,,,,,,
aids,muscle_wasting,high_fever,extra_marital_contacts,,,,,,,,,,,,,,
dengue,skin_rash,joint_pain,vomiting,fatigue,high_fever,headache,nausea,loss_of_appetite,pain_behind_the_eyes,back_pain,malaise,muscle_pain,red_spots_over_body,,,,
(vertigo) paroymsal  positional vertigo,vomiting,headache,nausea,spinning_movements,unsteadiness,,,,,,,,,,,,
dimorphic hemmorhoids(piles),constipation,pain_during_bowel_movements,pain_in_anal_region,bloody_stool,irritation_in_anus,,,,,,,,,,,,
hepatitis b,itching,fatigue,lethargy,yellowish_skin,dark_urine,loss_of_appetite,yellow_urine,yellowing_of_eyes,malaise,receiving_blood_transfusion,receiving_unsterile_injections,,,,,,
chronic cholestasis,itching,vomiting,yellowish_skin,nausea,loss_of_appetite,yellowing_of_eyes,,,,,,,,,,,
osteoarthristis,joint_pain,neck_pain,knee_pain,swelling_joints,painful_walking,,,,,,,,,,,,
chicken pox,itching,fatigue,lethargy,high_fever,headache,loss_of_appetite,mild_fever,swelled_lymph_nodes,malaise,red_spots_over_body,,,,,,,
cervical spondylosis,weakness_in_limbs,neck_pain,dizziness,loss_of_balance,,,,,,,,,,,,,
pneumonia,chills,fatigue,cough,high_fever,breathlessness,sweating,malaise,chest_pain,fast_heart_rate,rusty_sputum,,,,,,,
pneumonia,chills,fatigue,cough,breathlessness,sweating,malaise,phlegm,chest_pain,fast_heart_rate,rusty_sputum,,,,,,,
aids,patches_in_throat,high_fever,extra_marital_contacts,,,,,,,,,,,,,,
hyperthyroidism,fatigue,mood_swings,restlessness,sweating,diarrhoea,fast_heart_rate,excessive_hunger,muscle_weakness,irritability,abnormal_menstruation,,,,,,,
psoriasis,skin_rash,joint_pain,skin_peeling,small_dents_in_nails,inflammatory_nails,,,,,,,,,,,,
osteoarthristis,joint_pain,neck_pain,knee_pain,hip_joint_pain,swelling_joints,painful_walking,,,,,,,,,,,
common cold,chills,fatigue,cough,high_fever,headache,swelled_lymph_nodes,malaise,phlegm,throat_irritation,redness_of_eyes,sinus_pressure,runny_nose,congestion,chest_pain,loss_of_smell,muscle_pain,
gerd,stomach_pain,acidity,ulcers_on_tongue,vomiting,chest_pain,,,,,,,,,,,,
diabetes,fatigue,weight_loss,restlessness,irregular_sugar_level,blurred_and_distorted_vision,obesity,excessive_hunger,increased_appetite,polyuria,,,,,,,,
jaundice,itching,vomiting,weight_loss,high_fever,yellowish_skin,dark_urine,abdominal_pain,,,,,,,,,,
osteoarthristis,joint_pain,neck_pain,knee_pain,hip_joint_pain,swelling_joints,,,,,,,,,,,,
varicose veins,fatigue,cramps,bruising,obesity,swollen_legs,swollen_blood_vessels,prominent_veins_on_calf,,,,,,,,,,
(vertigo) paroymsal  positional vertigo,vomiting,headache,spinning_movements,loss_of_balance,unsteadiness,,,,,,,,,,,,
common cold,continuous_sneezing,chills,cough,high_fever,headache,swelled_lymph_nodes,malaise,phlegm,throat_irritation,redness_of_eyes,sinus_pressure,runny_nose,congestion,chest_pain,loss_of_smell,muscle_pain,
hepatitis c,fatigue,yellowish_skin,nausea,loss_of_appetite,yellowing_of_eyes,,,,,,,,,,,,
diabetes,fatigue,weight_loss,restlessness,lethargy,irregular_sugar_level,blurred_and_distorted_vision,obesity,excessive_hunger,increased_appetite,polyuria,,,,,,,
dimorphic hemmorhoids(piles),pain_during_bowel_movements,pain_in_anal_region,bloody_stool,irritation_in_anus,,,,,,,,,,,,,
hepatitis a,joint_pain,vomiting,yellowish_skin,dark_urine,nausea,loss_of_appetite,abdominal_pain,mild_fever,yellowing_of_eyes,muscle_pain,,,,,,,
tuberculosis,vomiting,fatigue,weight_loss,cough,high_fever,breathlessness,sweating,loss_of_appetite,mild_fever,yellowing_of_eyes,swelled_lymph_nodes,malaise,phlegm,chest_pain,blood_in_sputum,,
dimorphic hemmorhoids(piles),constipation,pain_during_bowel_movements,pain_in_anal_region,irritation_in_anus,,,,,,,,,,,,,
urinary tract infection,burning_micturition,bladder_discomfort,continuous_feel_of_urine,,,,,,,,,,,,,,
fungal infection,itching,skin_rash,dischromic _patches,,,,,,,,,,,,,,
malaria,chills,vomiting,high_fever,headache,nausea,diarrhoea,muscle_pain,,,,,,,,,,
gastroenteritis,sunken_eyes,dehydration,diarrhoea,,,,,,,,,,,,,,
fungal infection,skin_rash,nodal_skin_eruptions,dischromic _patches,,,,,,,,,,,,,,
diabetes,fatigue,weight_loss,restlessness,lethargy,irregular_sugar_level,obesity,excessive_hunger,increased_appetite,polyuria,,,,,,,,
cervical spondylosis,back_pain,weakness_in_limbs,neck_pain,dizziness,loss_of_balance,,,,,,,,,,,,
common cold,continuous_sneezing,chills,fatigue,cough,high_fever,headache,malaise,phlegm,throat_irritation,redness_of_eyes,sinus_pressure,runny_nose,congestion,chest_pain,loss_of_smell,muscle_pain,
peptic ulcer diseae,vomiting,indigestion,loss_of_appetite,passage_of_gases,internal_itching,,,,,,,,,,,,
jaundice,itching,vomiting,fatigue,weight_loss,high_fever,yellowish_skin,dark_urine,abdominal_pain,,,,,,,,,
gastroenteritis,vomiting,sunken_eyes,dehydration,diarrhoea,,,,,,,,,,,,,
osteoarthristis,joint_pain,neck_pain,hip_joint_pain,swelling_joints,painful_walking,,,,,,,,,,,,
hypothyroidism,fatigue,weight_gain,cold_hands_and_feets,mood_swings,lethargy,puffy_face_and_eyes,enlarged_thyroid,brittle_nails,swollen_extremeties,depression,irritability,abnormal_menstruation,,,,,
gerd,stomach_pain,acidity,ulcers_on_tongue,cough,chest_pain,,,,,,,,,,,,
paralysis (brain hemorrhage),vomiting,weakness_of_one_body_side,altered_sensorium,,,,,,,,,,,,,,
hepatitis d,joint_pain,vomiting,fatigue,dark_urine,nausea,loss_of_appetite,abdominal_pain,yellowing_of_eyes,,,,,,,,,
impetigo,skin_rash,high_fever,blister,red_sore_around_nose,yellow_crust_ooze,,,,,,,,,,,,
typhoid,chills,vomiting,fatigue,high_fever,headache,nausea,constipation,abdominal_pain,diarrhoea,toxic_look_(typhos),,,,,,,
psoriasis,skin_rash,joint_pain,skin_peeling,silver_like_dusting,small_dents_in_nails,inflammatory_nails,,,,,,,,,,,
hyperthyroidism,fatigue,mood_swings,weight_loss,restlessness,sweating,diarrhoea,fast_heart_rate,excessive_hunger,muscle_weakness,irritability,abnormal_menstruation,,,,,,
gastroenteritis,vomiting,dehydration,diarrhoea,,,,,,,,,,,,,,
diabetes,fatigue,weight_loss,restlessness,lethargy,irregular_sugar_level,blurred_and_distorted_vision,excessive_hunger,increased_appetite,polyuria,,,,,,,,
hepatitis e,vomiting,fatigue,high_fever,yellowish_skin,dark_urine,nausea,loss_of_appetite,abdominal_pain,yellowing_of_eyes,acute_liver_failure,coma,stomach_bleeding,,,,,
tuberculosis,chills,vomiting,fatigue,weight_loss,cough,high_fever,breathlessness,sweating,loss_of_appetite,mild_fever,yellowing_of_eyes,swelled_lymph_nodes,malaise,phlegm,chest_pain,blood_in_sputum,
impetigo,skin_rash,high_fever,blister,yellow_crust_ooze,,,,,,,,,,,,,
alcoholic hepatitis,vomiting,yellowish_skin,abdominal_pain,swelling_of_stomach,distention_of_abdomen,fluid_overload,,,,,,,,,,,
hepatitis d,joint_pain,vomiting,fatigue,yellowish_skin,dark_urine,nausea,abdominal_pain,yellowing_of_eyes,,,,,,,,,
bronchial asthma,cough,high_fever,breathlessness,family_history,mucoid_sputum,,,,,,,,,,,,
diabetes,fatigue,weight_loss,restlessness,lethargy,blurred_and_distorted_vision,obesity,excessive_hunger,increased_appetite,polyuria,,,,,,,,
hypothyroidism,fatigue,weight_gain,cold_hands_and_feets,mood_swings,lethargy,dizziness,puffy_face_and_eyes,enlarged_thyroid,brittle_nails,swollen_extremeties,depression,irritability,abnormal_menstruation,,,,
hypoglycemia,vomiting,fatigue,anxiety,sweating,headache,nausea,blurred_and_distorted_vision,excessive_hunger,slurred_speech,irritability,palpitations,,,,,,
chronic cholestasis,itching,vomiting,yellowish_skin,loss_of_appetite,abdominal_pain,yellowing_of_eyes,,,,,,,,,,,
hepatitis c,fatigue,yellowish_skin,nausea,yellowing_of_eyes,family_history,,,,,,,,,,,,
(vertigo) paroymsal  positional vertigo,vomiting,nausea,spinning_movements,loss_of_balance,unsteadiness,,,,,,,,,,,,
tuberculosis,chills,fatigue,weight_loss,cough,high_fever,breathlessness,sweating,loss_of_appetite,mild_fever,yellowing_of_eyes,swelled_lymph_nodes,malaise,phlegm,chest_pain,blood_in_sputum,,
hypoglycemia,vomiting,fatigue,anxiety,headache,nausea,blurred_and_distorted_vision,excessive_hunger,drying_and_tingling_lips,slurred_speech,irritability,palpitations,,,,,,
hepatitis b,itching,fatigue,yellowish_skin,dark_urine,loss_of_appetite,abdominal_pain,yellow_urine,yellowing_of_eyes,malaise,receiving_blood_transfusion,receiving_unsterile_injections,,,,,,
typhoid,chills,vomiting,fatigue,high_fever,headache,nausea,abdominal_pain,diarrhoea,toxic_look_(typhos),belly_pain,,,,,,,
hepatitis b,itching,fatigue,lethargy,yellowish_skin,loss_of_appetite,abdominal_pain,yellow_urine,yellowing_of_eyes,malaise,receiving_blood_transfusion,receiving_unsterile_injections,,,,,,
jaundice,itching,vomiting,fatigue,weight_loss,high_fever,yellowish_skin,dark_urine,,,,,,,,,,
paralysis (brain hemorrhage),headache,weakness_of_one_body_side,altered_sensorium,,,,,,,,,,,,,,
pneumonia,chills,fatigue,cough,high_fever,breathlessness,malaise,phlegm,chest_pain,fast_heart_rate,rusty_sputum,,,,,,,
dengue,skin_rash,chills,joint_pain,vomiting,fatigue,high_fever,headache,nausea,loss_of_appetite,pain_behind_the_eyes,back_pain,malaise,muscle_pain,red_spots_over_body,,,
impetigo,skin_rash,high_fever,blister,red_sore_around_nose,,,,,,,,,,,,,
chronic cholestasis,itching,vomiting,nausea,loss_of_appetite,abdominal_pain,yellowing_of_eyes,,,,,,,,,,,
alcoholic hepatitis,vomiting,yellowish_skin,abdominal_pain,swelling_of_stomach,distention_of_abdomen,history_of_alcohol_consumption,,,,,,,,,,,
migraine,indigestion,headache,blurred_and_distorted_vision,excessive_hunger,stiff_neck,depression,irritability,visual_disturbances,,,,,,,,,
malaria,chills,vomiting,high_fever,sweating,nausea,diarrhoea,muscle_pain,,,,,,,,,,
arthritis,muscle_weakness,swelling_joints,movement_stiffness,painful_walking,,,,,,,,,,,,,
malaria,vomiting,high_fever,sweating,headache,nausea,diarrhoea,muscle_pain,,,,,,,,,,
